user_id,name,email,phone,created_at
1,User1,user1596@mail.com,9895305694,2023-11-26 21:58:47
2,User2,user2337@mail.com,9901073436,2024-09-19 10:16:19
3,User3,user3433@mail.com,9243186683,2024-08-12 04:31:16
4,User4,user4235@mail.com,9446045307,2023-01-15 16:05:33
5,User5,user5269@mail.com,9510101673,2025-06-03 00:26:27
6,User6,user6487@mail.com,9185815890,2025-06-13 06:43:36
7,User7,user7355@mail.com,9574866646,2023-10-05 19:21:14
8,User8,user8947@mail.com,9778481983,2023-04-15 22:32:52
9,User9,user962@mail.com,9563028092,2023-11-14 14:00:17
10,User10,user10436@mail.com,9199306806,2024-12-13 18:02:32
11,User11,user11672@mail.com,9582265539,2024-03-23 15:03:49
12,User12,user12354@mail.com,9684020113,2024-07-28 16:06:52
13,User13,user1325@mail.com,9466636515,2024-05-09 12:54:24
14,User14,user14308@mail.com,9672442009,2024-11-12 14:12:43
15,User15,user15450@mail.com,9627974990,2024-10-01 17:40:03
16,User16,user16950@mail.com,9426178062,2023-07-08 06:01:03
17,User17,user17708@mail.com,9064504910,2024-07-08 14:02:08
18,User18,user18222@mail.com,9659761977,2023-10-26 02:46:47
19,User19,user19460@mail.com,9198976815,2023-01-20 04:22:56
20,User20,user20341@mail.com,9951691945,2025-07-24 22:17:44
21,User21,user2194@mail.com,9941025922,2024-08-26 09:19:27
22,User22,user22672@mail.com,9518979303,2024-01-11 04:48:54
23,User23,user23481@mail.com,9245441209,2024-05-26 09:49:18
24,User24,user24797@mail.com,9032732879,2024-07-27 17:01:52
25,User25,user25794@mail.com,9796980606,2024-07-30 19:26:42
26,User26,user26494@mail.com,9809000198,2023-10-17 11:15:19
27,User27,user27431@mail.com,9677297623,2023-09-13 04:50:51
28,User28,user28529@mail.com,9622850177,2025-01-31 00:57:32
29,User29,user29293@mail.com,9432347773,2025-01-18 02:35:06
30,User30,user30100@mail.com,9906233752,2025-04-16 23:12:18
31,User31,user31523@mail.com,9744163811,2023-09-03 22:09:54
32,User32,user32542@mail.com,9175562561,2023-03-21 09:22:44
33,User33,user33573@mail.com,9146491144,2023-04-03 12:38:53
34,User34,user34176@mail.com,9385109029,2023-09-05 11:44:47
35,User35,user35738@mail.com,9846119398,2024-08-20 09:24:35
36,User36,user36327@mail.com,9239547619,2024-08-09 16:03:36
37,User37,user37111@mail.com,9587124510,2024-09-07 18:25:42
38,User38,user38898@mail.com,9736570730,2023-10-03 00:39:51
39,User39,user39210@mail.com,9756309395,2025-03-31 21:20:30
40,User40,user40496@mail.com,9623048634,2023-04-18 10:26:07
41,User41,user41431@mail.com,9639630033,2023-04-18 10:17:25
42,User42,user4260@mail.com,9083271591,2025-03-10 13:36:32
43,User43,user43293@mail.com,9281736966,2025-07-14 06:58:20
44,User44,user44290@mail.com,9331658403,2023-10-31 18:57:38
45,User45,user45241@mail.com,9770633237,2024-01-10 16:48:03
46,User46,user46720@mail.com,9006347483,2024-06-05 05:45:44
47,User47,user47745@mail.com,9452570104,2023-06-21 02:44:28
48,User48,user4888@mail.com,9515278948,2024-03-16 22:57:09
49,User49,user49344@mail.com,9869016780,2023-10-12 20:45:33
50,User50,user50358@mail.com,9970016798,2023-11-14 12:46:15
51,User51,user51134@mail.com,9103438688,2023-06-02 06:18:58
52,User52,user52527@mail.com,9016661755,2023-07-11 02:11:31
53,User53,user53187@mail.com,9149709760,2024-04-26 21:30:57
54,User54,user54209@mail.com,9341666451,2024-07-12 16:09:20
55,User55,user55786@mail.com,9031641200,2023-03-01 06:54:00
56,User56,user56124@mail.com,9701677986,2023-04-05 22:26:42
57,User57,user57917@mail.com,9761428731,2024-06-16 01:40:47
58,User58,user58833@mail.com,9469316476,2025-04-29 23:50:10
59,User59,user59647@mail.com,9817145514,2024-03-11 15:28:38
60,User60,user60364@mail.com,9244269912,2024-09-24 01:42:59
61,User61,user61774@mail.com,9565499827,2023-02-26 00:10:29
62,User62,user6221@mail.com,9979472910,2024-03-11 02:26:05
63,User63,user63143@mail.com,9658679012,2023-07-27 15:20:03
64,User64,user64587@mail.com,9571420226,2025-02-04 04:15:28
65,User65,user6570@mail.com,9279418596,2024-06-13 18:16:31
66,User66,user66705@mail.com,9919629858,2023-05-26 21:26:11
67,User67,user6727@mail.com,9249395771,2025-07-10 15:59:40
68,User68,user68782@mail.com,9117598547,2024-01-28 08:48:01
69,User69,user69314@mail.com,9885423728,2024-12-08 07:27:01
70,User70,user70262@mail.com,9824798855,2024-08-07 06:06:30
71,User71,user71700@mail.com,9943564497,2025-04-05 04:33:29
72,User72,user72414@mail.com,9070922707,2023-12-12 15:26:45
73,User73,user7360@mail.com,9224828031,2025-04-09 02:08:37
74,User74,user74797@mail.com,9016044715,2023-11-17 02:40:55
75,User75,user75626@mail.com,9175351826,2023-09-29 13:17:13
76,User76,user7669@mail.com,9469648375,2023-09-17 01:26:49
77,User77,user77660@mail.com,9793655174,2024-10-09 23:10:43
78,User78,user7855@mail.com,9400987442,2024-03-11 23:20:42
79,User79,user7928@mail.com,9209299757,2023-12-12 10:27:10
80,User80,user80528@mail.com,9502377161,2023-03-16 07:02:38
