payment_id,order_id,amount,method,status,reference,created_at
1,1,940.73,NETBANKING,SUCCESS,ETP20251003-I05Y7A,2024-01-28 22:06:21
2,2,615.38,NETBANKING,SUCCESS,ETP20251003-5R6RCH,2024-08-19 00:55:20
3,3,3004.78,NETBANKING,SUCCESS,ETP20251003-M9RH04,2024-01-24 20:34:17
4,4,7269.0,NETBANKING,SUCCESS,ETP20251003-9GQLVS,2023-02-20 22:06:10
5,5,10317.26,UPI,SUCCESS,ETP20251003-JFSXF1,2024-09-07 17:11:16
6,6,425.65,CARD,SUCCESS,ETP20251003-TVRNJ5,2024-08-02 22:31:28
7,7,9265.28,UPI,PENDING,ETP20251003-IRBQTJ,2023-01-04 14:31:28
8,8,6796.35,WALLET,PENDING,ETP20251003-8WNGD3,2023-10-26 09:07:31
9,9,7638.56,WALLET,FAILED,ETP20251003-FKA60P,2023-10-03 07:28:50
10,10,8859.94,WALLET,FAILED,ETP20251003-JRIAKG,2024-06-12 05:43:45
11,11,3146.79,UPI,SUCCESS,ETP20251003-AZWD1T,2025-05-25 00:51:12
12,12,2190.93,CARD,SUCCESS,ETP20251003-CK3PRX,2023-07-17 16:07:34
13,13,1664.55,WALLET,FAILED,ETP20251003-XF6PH9,2024-10-28 12:19:17
14,14,742.15,WALLET,PENDING,ETP20251003-YUFT7I,2025-06-24 15:21:55
15,15,4227.8,WALLET,FAILED,ETP20251003-3VQQR6,2025-06-17 12:00:23
16,16,8994.27,UPI,FAILED,ETP20251003-TWTZNV,2023-02-23 18:22:23
17,17,667.88,CARD,SUCCESS,ETP20251003-NFB6JC,2025-04-05 14:04:30
18,18,2436.04,UPI,SUCCESS,ETP20251003-SBTZE0,2024-05-06 21:13:43
19,19,1125.77,NETBANKING,PENDING,ETP20251003-YUUEUB,2025-01-26 19:45:42
20,20,2475.5,UPI,SUCCESS,ETP20251003-3806Y4,2024-08-06 04:18:56
21,21,1557.65,NETBANKING,SUCCESS,ETP20251003-5RA76T,2024-02-12 00:49:46
22,22,5518.59,CARD,FAILED,ETP20251003-OY54JQ,2023-04-28 12:56:41
23,23,6151.51,NETBANKING,SUCCESS,ETP20251003-4DJDZ2,2024-11-24 07:40:24
24,24,5821.37,CARD,SUCCESS,ETP20251003-34ZTCG,2023-11-11 21:07:07
25,25,2390.98,CARD,SUCCESS,ETP20251003-Q0H0HO,2025-05-26 22:38:25
26,26,2484.29,UPI,FAILED,ETP20251003-IVY4Z4,2023-02-14 02:30:47
27,27,4193.72,CARD,SUCCESS,ETP20251003-SU8X9Y,2025-04-30 18:38:20
28,28,9991.84,WALLET,FAILED,ETP20251003-XR30JU,2025-05-23 17:37:22
29,29,409.92,WALLET,SUCCESS,ETP20251003-XVTCX5,2025-02-12 15:58:43
30,30,4478.4,NETBANKING,PENDING,ETP20251003-7O12YE,2024-12-02 20:30:57
31,31,8409.14,CARD,FAILED,ETP20251003-FWBXSA,2023-03-24 13:01:23
32,32,12219.86,UPI,SUCCESS,ETP20251003-A3RMLM,2025-03-27 07:37:45
33,33,1502.39,WALLET,SUCCESS,ETP20251003-82VNM7,2024-05-07 10:43:07
34,34,6736.83,UPI,SUCCESS,ETP20251003-RWYG4N,2024-03-03 14:51:01
35,35,2384.91,WALLET,PENDING,ETP20251003-36AEFP,2025-06-05 04:27:44
36,36,2362.33,NETBANKING,SUCCESS,ETP20251003-6WQG8S,2025-04-11 15:31:20
37,37,3830.17,UPI,PENDING,ETP20251003-T8ZO53,2024-01-04 01:56:24
38,38,6950.4,CARD,SUCCESS,ETP20251003-7JXTV7,2024-11-17 11:18:14
39,39,5044.62,UPI,PENDING,ETP20251003-HOOBJ4,2024-03-07 10:03:02
40,40,1255.71,NETBANKING,SUCCESS,ETP20251003-VGSQ1H,2024-06-08 10:02:47
41,41,2619.04,NETBANKING,SUCCESS,ETP20251003-PS0Q12,2024-02-02 14:51:18
42,42,1971.41,UPI,SUCCESS,ETP20251003-ZJEWN3,2024-05-20 08:26:26
43,43,1881.45,WALLET,PENDING,ETP20251003-P1PEMD,2024-05-28 08:52:59
44,44,8566.59,UPI,FAILED,ETP20251003-EZ9D88,2023-10-22 13:19:36
45,45,2143.95,CARD,SUCCESS,ETP20251003-OOGUE2,2025-05-30 23:37:06
46,46,1912.6,CARD,PENDING,ETP20251003-QPZGRZ,2025-03-24 08:31:04
47,47,10993.75,UPI,FAILED,ETP20251003-J93BVI,2024-11-05 22:39:18
48,48,4891.91,WALLET,FAILED,ETP20251003-HK5141,2023-07-31 01:02:41
49,49,7415.13,NETBANKING,SUCCESS,ETP20251003-Q9HMMU,2025-04-09 20:50:55
50,50,4156.03,UPI,PENDING,ETP20251003-SCFW87,2023-08-03 06:19:43
51,51,2570.15,UPI,SUCCESS,ETP20251003-6CNOU8,2024-02-21 03:01:00
52,52,2899.78,NETBANKING,FAILED,ETP20251003-3MSWN6,2024-04-02 23:02:26
53,53,425.65,WALLET,SUCCESS,ETP20251003-E1LHBF,2025-01-07 16:57:30
54,54,1207.44,UPI,SUCCESS,ETP20251003-BDNR4B,2023-04-24 00:25:36
55,55,1502.39,UPI,FAILED,ETP20251003-4HZ2MS,2024-05-05 23:29:03
56,56,2548.48,NETBANKING,FAILED,ETP20251003-E6T1OC,2024-07-07 10:33:56
57,57,1094.27,CARD,SUCCESS,ETP20251003-ZBN2SP,2024-07-21 03:56:34
58,58,8295.84,WALLET,SUCCESS,ETP20251003-RM6Z7E,2023-09-18 05:05:35
59,59,2192.08,WALLET,SUCCESS,ETP20251003-10Q0VJ,2024-01-20 04:17:18
60,60,10427.17,NETBANKING,SUCCESS,ETP20251003-E40BA5,2024-04-21 21:20:17
61,61,10149.34,CARD,SUCCESS,ETP20251003-SLIBHZ,2024-01-19 19:47:12
62,62,4182.91,UPI,PENDING,ETP20251003-MIVY62,2024-04-19 07:09:53
63,63,2698.88,WALLET,SUCCESS,ETP20251003-NAVBJS,2023-03-13 07:37:35
64,64,7190.37,UPI,SUCCESS,ETP20251003-EMQOYS,2023-06-22 17:39:24
65,65,9942.95,NETBANKING,SUCCESS,ETP20251003-2PI0AW,2023-12-27 19:32:57
66,66,4046.18,CARD,SUCCESS,ETP20251003-A9RQIV,2024-10-25 09:00:44
67,67,3861.56,UPI,SUCCESS,ETP20251003-N558V9,2023-01-14 20:23:28
68,68,11334.62,WALLET,SUCCESS,ETP20251003-GUDZ2J,2024-05-28 18:17:37
69,69,9534.5,WALLET,FAILED,ETP20251003-S30CAL,2023-10-22 16:40:58
70,70,1316.97,UPI,PENDING,ETP20251003-HLX5J7,2023-04-10 15:58:00
71,71,8304.09,CARD,PENDING,ETP20251003-N6AKTH,2023-01-25 02:45:45
72,72,494.41,WALLET,FAILED,ETP20251003-HN9CRF,2025-06-24 03:14:04
73,73,5187.34,WALLET,FAILED,ETP20251003-AO18YU,2024-04-10 23:45:13
74,74,9422.78,NETBANKING,SUCCESS,ETP20251003-P40PJ4,2025-03-07 02:06:01
75,75,584.65,WALLET,SUCCESS,ETP20251003-PTZZW3,2024-05-17 21:07:57
76,76,2983.35,NETBANKING,SUCCESS,ETP20251003-HEYUFI,2023-12-02 02:05:12
77,77,5518.67,WALLET,FAILED,ETP20251003-PN1SGU,2023-08-14 07:21:25
78,78,9212.78,CARD,FAILED,ETP20251003-H0CHCI,2025-06-02 08:56:47
79,79,1560.34,UPI,SUCCESS,ETP20251003-LW23YO,2023-01-21 23:34:50
80,80,622.22,WALLET,FAILED,ETP20251003-CN0MEP,2023-06-19 12:18:04
81,81,2838.04,UPI,SUCCESS,ETP20251003-T38K8S,2023-11-05 22:56:45
82,82,2342.57,CARD,SUCCESS,ETP20251003-BALMLU,2023-03-04 22:37:43
83,83,3254.81,UPI,PENDING,ETP20251003-AQ05UE,2023-04-21 16:20:32
84,84,8619.09,NETBANKING,SUCCESS,ETP20251003-UH9TI9,2025-05-12 08:47:31
85,85,5651.71,NETBANKING,SUCCESS,ETP20251003-JJXGP8,2024-08-29 15:07:33
86,86,1369.47,WALLET,PENDING,ETP20251003-WTUDYA,2025-02-17 12:36:02
87,87,9834.34,WALLET,FAILED,ETP20251003-KM0P2H,2025-03-02 07:20:38
88,88,2246.8,NETBANKING,FAILED,ETP20251003-7CPD3V,2024-04-07 15:29:30
89,89,2961.61,UPI,SUCCESS,ETP20251003-37R0GO,2024-02-02 04:31:14
90,90,1169.28,CARD,PENDING,ETP20251003-UOFUZH,2024-04-18 23:20:12
91,91,2520.07,WALLET,PENDING,ETP20251003-DGJHVA,2024-09-05 09:18:49
92,92,6305.51,NETBANKING,PENDING,ETP20251003-564P58,2024-03-06 22:59:45
93,93,4261.03,CARD,PENDING,ETP20251003-DGLMFB,2023-06-27 02:50:10
94,94,7927.72,NETBANKING,SUCCESS,ETP20251003-KQA6U3,2023-02-02 19:47:10
95,95,1610.15,CARD,SUCCESS,ETP20251003-BS5XXS,2023-02-21 14:24:38
96,96,3146.79,NETBANKING,FAILED,ETP20251003-G6LEKU,2023-08-11 02:29:14
97,97,622.22,NETBANKING,SUCCESS,ETP20251003-BTKDHK,2024-01-21 17:21:08
98,98,2108.65,NETBANKING,PENDING,ETP20251003-HFDKRW,2025-03-16 12:49:17
99,99,9151.77,CARD,SUCCESS,ETP20251003-R2TB8G,2024-06-22 11:42:37
100,100,2246.8,UPI,SUCCESS,ETP20251003-TLHT4M,2023-02-05 10:57:02
101,101,1010.74,UPI,SUCCESS,ETP20251003-A1FU1R,2023-04-05 02:57:56
102,102,530.65,CARD,SUCCESS,ETP20251003-56YGGH,2024-07-18 04:44:18
103,103,7698.57,CARD,SUCCESS,ETP20251003-DORE93,2024-07-22 12:05:28
104,104,6854.4,NETBANKING,SUCCESS,ETP20251003-DYGAZR,2025-02-22 09:09:41
105,105,5217.07,CARD,SUCCESS,ETP20251003-QVOW2O,2025-04-27 23:40:24
106,106,8127.19,NETBANKING,SUCCESS,ETP20251003-TI36A3,2023-07-13 10:59:42
107,107,8558.34,WALLET,PENDING,ETP20251003-43JTI1,2025-03-15 19:34:53
108,108,5184.88,NETBANKING,FAILED,ETP20251003-S7MEZC,2025-06-04 12:32:19
109,109,4580.14,CARD,SUCCESS,ETP20251003-GXE3O9,2024-04-21 07:25:01
110,110,1474.47,NETBANKING,SUCCESS,ETP20251003-L2EK9P,2024-12-19 17:52:29
111,111,2318.0,CARD,FAILED,ETP20251003-TRQ1A1,2025-06-30 14:40:47
112,112,2461.19,WALLET,PENDING,ETP20251003-X2IT9L,2024-03-09 22:57:43
113,113,2403.24,UPI,SUCCESS,ETP20251003-UT0RHN,2023-08-28 12:56:19
114,114,2546.19,UPI,PENDING,ETP20251003-O7I61Z,2023-12-22 04:00:44
115,115,1763.29,NETBANKING,SUCCESS,ETP20251003-ZKBBKF,2025-02-22 11:30:18
116,116,4985.62,UPI,SUCCESS,ETP20251003-H8XTJJ,2024-06-08 12:18:38
117,117,2390.44,UPI,PENDING,ETP20251003-0U30M5,2023-10-24 15:48:32
118,118,2076.41,CARD,SUCCESS,ETP20251003-UFXEXE,2024-01-16 02:13:39
119,119,12272.36,NETBANKING,SUCCESS,ETP20251003-DBSF9B,2025-06-24 21:46:49
120,120,2733.04,NETBANKING,PENDING,ETP20251003-JRBLXB,2023-01-07 20:19:43
121,121,10369.76,UPI,SUCCESS,ETP20251003-1FRG7H,2024-01-25 04:12:07
122,122,2878.35,WALLET,SUCCESS,ETP20251003-IMN4CP,2024-08-16 20:20:58
123,123,3725.17,WALLET,SUCCESS,ETP20251003-DYVEES,2024-06-08 08:49:34
124,124,3517.31,UPI,SUCCESS,ETP20251003-TIVCC0,2025-04-17 14:01:21
125,125,1283.27,UPI,SUCCESS,ETP20251003-MOF7WB,2025-05-09 01:44:15
126,126,2899.78,CARD,SUCCESS,ETP20251003-SNU1FJ,2024-07-14 04:21:57
127,127,2442.94,UPI,FAILED,ETP20251003-2YK5BH,2024-10-25 01:30:03
128,128,822.44,WALLET,PENDING,ETP20251003-850KG3,2024-06-05 16:36:37
129,129,3075.75,WALLET,PENDING,ETP20251003-YKYBAO,2024-04-29 11:59:45
130,130,2753.18,WALLET,SUCCESS,ETP20251003-SX8XK5,2024-04-23 21:21:45
131,131,4990.88,CARD,FAILED,ETP20251003-XXO4VC,2024-06-19 19:06:17
132,132,1854.89,UPI,SUCCESS,ETP20251003-EQ8A2G,2025-03-24 22:47:41
133,133,9674.66,WALLET,SUCCESS,ETP20251003-07R6OT,2024-03-01 10:27:41
134,134,576.91,NETBANKING,FAILED,ETP20251003-8WBEZG,2024-08-05 08:49:28
135,135,214.91,CARD,SUCCESS,ETP20251003-V017C8,2023-02-02 00:35:42
136,136,2108.65,CARD,FAILED,ETP20251003-QVAKZE,2023-01-29 17:34:30
137,137,2173.88,CARD,SUCCESS,ETP20251003-ZNLMZ7,2023-11-06 09:02:11
138,138,4939.62,CARD,FAILED,ETP20251003-6C4OW2,2024-06-05 10:13:03
139,139,1095.46,NETBANKING,FAILED,ETP20251003-G4SBZS,2024-06-13 13:17:17
140,140,2123.11,UPI,SUCCESS,ETP20251003-GG9ZET,2023-11-03 07:44:29
141,141,2705.98,CARD,PENDING,ETP20251003-P75C21,2025-01-30 13:22:45
142,142,3014.5,WALLET,SUCCESS,ETP20251003-UPEMP8,2025-03-17 08:19:39
143,143,4944.41,NETBANKING,SUCCESS,ETP20251003-LGLO5E,2023-01-04 00:56:47
144,144,8190.84,WALLET,SUCCESS,ETP20251003-Z5JZ9S,2025-04-03 12:21:01
145,145,7533.56,NETBANKING,SUCCESS,ETP20251003-923R0K,2024-09-13 12:20:18
146,146,2451.04,WALLET,SUCCESS,ETP20251003-0W3LEC,2023-09-15 22:44:20
147,147,1405.49,CARD,PENDING,ETP20251003-LSUK4Z,2023-03-05 16:24:41
148,148,3972.91,WALLET,SUCCESS,ETP20251003-QFC9V6,2024-11-21 22:33:45
149,149,1199.27,NETBANKING,SUCCESS,ETP20251003-BF08V7,2023-11-27 06:42:55
150,150,1350.34,CARD,SUCCESS,ETP20251003-N8PXPX,2025-07-30 05:21:43
151,151,9627.95,WALLET,PENDING,ETP20251003-CQ42TY,2024-12-15 11:46:54
152,152,1730.89,NETBANKING,SUCCESS,ETP20251003-BVGNQC,2023-03-08 08:57:33
153,153,3822.84,CARD,SUCCESS,ETP20251003-BWA86V,2023-04-27 21:39:15
154,154,2608.54,NETBANKING,SUCCESS,ETP20251003-GEM6DJ,2023-09-18 13:05:08
155,155,4685.14,UPI,FAILED,ETP20251003-EI5PQG,2024-09-19 04:02:36
156,156,622.22,NETBANKING,SUCCESS,ETP20251003-OWG6R9,2023-06-09 02:29:15
157,157,1296.77,WALLET,SUCCESS,ETP20251003-OH98HU,2024-03-07 15:55:02
158,158,6136.81,UPI,SUCCESS,ETP20251003-EZGFS5,2024-05-18 11:27:36
159,159,573.38,UPI,SUCCESS,ETP20251003-YGCZFY,2023-08-07 16:52:29
160,160,1904.53,WALLET,PENDING,ETP20251003-2GAAQY,2023-10-25 23:25:44
161,161,2575.59,CARD,SUCCESS,ETP20251003-24SR04,2024-05-17 18:34:27
162,162,2983.35,WALLET,FAILED,ETP20251003-2W88GP,2023-04-06 10:51:56
163,163,2173.54,CARD,SUCCESS,ETP20251003-V0WFBF,2025-05-27 03:45:15
164,164,3075.75,NETBANKING,SUCCESS,ETP20251003-L4HM49,2023-09-29 02:17:13
165,165,2493.69,CARD,SUCCESS,ETP20251003-HRPWUC,2024-11-20 17:41:39
166,166,2572.57,UPI,FAILED,ETP20251003-AN9WIZ,2023-02-10 12:44:41
167,167,1402.84,NETBANKING,SUCCESS,ETP20251003-FTC1VN,2023-03-27 07:56:39
168,168,1273.24,NETBANKING,FAILED,ETP20251003-X5CL7S,2025-06-30 00:31:13
169,169,4813.98,NETBANKING,SUCCESS,ETP20251003-SDHQ2A,2023-05-25 07:20:49
170,170,6892.49,WALLET,FAILED,ETP20251003-SJJ4HA,2024-08-30 23:10:41
171,171,4308.68,UPI,PENDING,ETP20251003-5A4F64,2025-06-10 14:14:18
172,172,1795.75,CARD,FAILED,ETP20251003-L39O4N,2023-05-14 10:09:30
173,173,5145.15,UPI,SUCCESS,ETP20251003-IYD1VW,2025-04-21 08:14:13
174,174,6316.83,CARD,SUCCESS,ETP20251003-69S2FG,2023-03-28 17:04:46
175,175,3251.79,WALLET,SUCCESS,ETP20251003-4F9OD1,2023-05-07 03:48:39
176,176,5229.76,WALLET,SUCCESS,ETP20251003-0HGTH2,2023-12-12 10:13:36
177,177,681.91,WALLET,FAILED,ETP20251003-AYMQ2C,2025-06-06 23:39:38
178,178,2820.53,NETBANKING,SUCCESS,ETP20251003-NL2TE7,2024-08-28 05:14:54
179,179,4246.22,WALLET,FAILED,ETP20251003-7UN8W2,2024-04-19 08:18:51
180,180,2677.57,UPI,PENDING,ETP20251003-GFT345,2023-04-28 14:02:57
181,181,9475.28,UPI,SUCCESS,ETP20251003-0I97LE,2024-07-26 06:19:25
182,182,8304.09,CARD,SUCCESS,ETP20251003-LW63FL,2024-12-02 12:19:40
183,183,4203.68,WALLET,SUCCESS,ETP20251003-829J8L,2023-07-08 01:04:20
184,184,2604.06,UPI,PENDING,ETP20251003-6YWLY3,2025-04-27 11:23:54
185,185,1316.97,NETBANKING,FAILED,ETP20251003-HMBM1R,2025-04-11 07:47:58
186,186,2211.71,CARD,FAILED,ETP20251003-LWIFXX,2024-09-24 18:12:52
187,187,442.73,UPI,SUCCESS,ETP20251003-XSUL0G,2025-01-01 20:57:35
188,188,462.42,WALLET,FAILED,ETP20251003-FU1GQM,2024-03-20 18:27:47
189,189,2442.94,NETBANKING,SUCCESS,ETP20251003-0PVUUS,2023-07-09 02:56:29
190,190,2175.61,CARD,FAILED,ETP20251003-KKW04M,2023-09-22 21:14:41
191,191,6696.9,NETBANKING,SUCCESS,ETP20251003-BGPSKB,2025-03-06 21:52:31
192,192,1664.55,CARD,SUCCESS,ETP20251003-N13BP1,2024-02-14 10:19:26
193,193,7586.06,NETBANKING,PENDING,ETP20251003-N8U6BH,2024-06-29 14:36:46
194,194,11151.25,CARD,SUCCESS,ETP20251003-GPHC18,2024-04-09 13:36:36
195,195,6920.51,UPI,PENDING,ETP20251003-O435GP,2023-09-13 14:28:08
196,196,2577.2,UPI,SUCCESS,ETP20251003-NOJADY,2024-06-23 06:18:52
197,197,1513.78,WALLET,SUCCESS,ETP20251003-FEOGWE,2024-02-24 11:14:30
198,198,730.88,WALLET,SUCCESS,ETP20251003-9F47VW,2025-06-19 21:38:59
199,199,4763.18,UPI,SUCCESS,ETP20251003-VK6UB9,2024-11-10 17:22:14
200,200,819.84,WALLET,SUCCESS,ETP20251003-RE6S95,2023-08-19 13:01:53
201,201,3603.75,CARD,FAILED,ETP20251003-MYSWWI,2025-01-23 13:38:16
202,202,6241.81,WALLET,PENDING,ETP20251003-9A4BPK,2024-04-15 06:37:35
203,203,569.64,CARD,SUCCESS,ETP20251003-9CSINU,2024-07-09 11:47:09
204,204,4598.6,NETBANKING,SUCCESS,ETP20251003-4SHYDB,2025-03-26 23:46:25
205,205,9160.29,UPI,FAILED,ETP20251003-SEA1EU,2023-02-22 18:20:01
206,206,4728.38,NETBANKING,SUCCESS,ETP20251003-IE5WIE,2024-07-03 05:31:54
207,207,1356.28,NETBANKING,SUCCESS,ETP20251003-QGFHJU,2024-05-28 14:23:01
208,208,842.24,WALLET,FAILED,ETP20251003-2AISYJ,2023-09-30 12:39:48
209,209,1982.65,NETBANKING,PENDING,ETP20251003-16JM8T,2024-07-06 11:37:55
210,210,5536.06,WALLET,SUCCESS,ETP20251003-WWGCLS,2025-06-21 06:36:10
211,211,1029.84,WALLET,SUCCESS,ETP20251003-T7KRC5,2024-02-04 14:15:58
212,212,5197.37,WALLET,SUCCESS,ETP20251003-PXWNQA,2023-03-05 00:30:57
213,213,8635.06,UPI,FAILED,ETP20251003-QEVNQV,2023-05-28 01:49:46
214,214,1235.29,NETBANKING,SUCCESS,ETP20251003-EKBVR1,2024-10-31 23:10:31
215,215,4340.41,UPI,SUCCESS,ETP20251003-K8XMRO,2024-07-19 06:08:02
216,216,1276.95,NETBANKING,FAILED,ETP20251003-D56US7,2024-03-07 10:58:04
217,217,6922.71,CARD,PENDING,ETP20251003-IUDYVB,2024-10-10 16:41:28
218,218,1221.8,WALLET,FAILED,ETP20251003-GOCD1K,2023-11-29 18:02:52
219,219,5143.92,UPI,SUCCESS,ETP20251003-TNDRZ5,2024-05-04 21:22:57
220,220,9384.76,UPI,SUCCESS,ETP20251003-AYO84Z,2025-02-13 00:31:38
221,221,2766.04,CARD,SUCCESS,ETP20251003-HH4Z6K,2024-08-19 00:25:18
222,222,9144.7,NETBANKING,FAILED,ETP20251003-T1NMVZ,2024-05-21 02:37:43
223,223,10054.76,CARD,FAILED,ETP20251003-WR9BGU,2023-08-03 21:34:00
224,224,2099.87,CARD,FAILED,ETP20251003-8CTLP7,2024-02-06 09:59:26
225,225,1980.93,WALLET,SUCCESS,ETP20251003-SOC4Z6,2024-03-05 20:55:41
226,226,3014.5,NETBANKING,SUCCESS,ETP20251003-8M6Z2F,2023-01-15 05:22:47
227,227,5365.63,WALLET,PENDING,ETP20251003-QJO8D7,2023-01-09 07:36:02
228,228,9779.66,CARD,SUCCESS,ETP20251003-B3DRC5,2023-08-23 11:17:00
229,229,3579.07,WALLET,FAILED,ETP20251003-HO5B25,2025-04-12 00:35:28
230,230,9647.26,UPI,SUCCESS,ETP20251003-XBT3IQ,2023-09-12 11:31:29
231,231,6238.22,NETBANKING,PENDING,ETP20251003-DQRES3,2024-02-03 21:07:13
232,232,1413.21,NETBANKING,FAILED,ETP20251003-019713,2023-03-06 04:28:18
233,233,6749.4,CARD,PENDING,ETP20251003-LCL6DI,2025-01-21 12:48:37
234,234,2367.2,WALLET,SUCCESS,ETP20251003-NWP1ER,2023-04-16 06:31:36
235,235,5144.87,NETBANKING,PENDING,ETP20251003-DIRE8Q,2023-07-27 21:53:16
236,236,1492.6,NETBANKING,SUCCESS,ETP20251003-UU6F3X,2025-01-26 17:29:29
237,237,2467.57,UPI,PENDING,ETP20251003-RQ0SLZ,2023-07-13 12:23:18
238,238,8514.09,CARD,SUCCESS,ETP20251003-YLO76Y,2023-09-26 11:07:40
239,239,9592.13,NETBANKING,SUCCESS,ETP20251003-SMVFK8,2024-06-13 06:53:51
240,240,2698.88,UPI,SUCCESS,ETP20251003-NSYPTI,2023-06-28 08:04:11
241,241,5217.07,WALLET,SUCCESS,ETP20251003-T583W5,2025-06-16 18:08:31
242,242,2963.18,WALLET,SUCCESS,ETP20251003-6G28QN,2024-11-24 11:28:33
243,243,2160.73,CARD,PENDING,ETP20251003-YA5YF4,2023-09-01 02:06:30
244,244,6361.51,CARD,PENDING,ETP20251003-QWERS9,2024-05-21 15:06:42
245,245,12775.52,WALLET,SUCCESS,ETP20251003-WJOLSA,2024-11-16 08:02:16
246,246,7457.22,WALLET,FAILED,ETP20251003-MJLJOQ,2025-01-23 02:13:17
247,247,5547.82,WALLET,SUCCESS,ETP20251003-5P5MWR,2025-02-04 15:54:28
248,248,3872.12,WALLET,SUCCESS,ETP20251003-JAURKF,2023-07-15 11:23:50
249,249,5746.06,CARD,PENDING,ETP20251003-I5DZO7,2023-10-10 19:28:36
250,250,6629.99,UPI,SUCCESS,ETP20251003-ATS7Y7,2024-03-09 00:09:03
251,251,3972.91,CARD,SUCCESS,ETP20251003-ZWIXWS,2025-04-20 20:26:52
252,252,6238.22,WALLET,SUCCESS,ETP20251003-G0BDBU,2024-02-06 14:18:23
253,253,7917.19,UPI,SUCCESS,ETP20251003-KPJ8XR,2025-06-06 16:15:02
254,254,5599.21,WALLET,FAILED,ETP20251003-RLCK5H,2025-06-29 03:36:33
255,255,2593.54,NETBANKING,SUCCESS,ETP20251003-CTZF0V,2023-12-02 17:02:27
256,256,2616.41,WALLET,SUCCESS,ETP20251003-1JIZM8,2023-10-02 19:54:16
257,257,3927.84,NETBANKING,SUCCESS,ETP20251003-C6HW0S,2023-03-30 18:47:00
258,258,3158.95,WALLET,FAILED,ETP20251003-SVWLCP,2023-03-18 12:57:20
259,259,5151.17,NETBANKING,PENDING,ETP20251003-4G626Y,2024-03-31 03:09:22
260,260,2213.65,NETBANKING,SUCCESS,ETP20251003-TGUUYF,2023-11-11 19:00:45
261,261,7185.21,UPI,SUCCESS,ETP20251003-LTHE00,2025-06-11 01:17:49
262,262,10532.17,UPI,SUCCESS,ETP20251003-MH7LYG,2024-12-27 23:06:57
263,263,5249.87,WALLET,SUCCESS,ETP20251003-O7TG3Z,2023-06-29 17:55:38
264,264,6934.77,CARD,FAILED,ETP20251003-QW07PN,2025-07-17 21:35:42
265,265,9429.5,NETBANKING,PENDING,ETP20251003-VX4G9N,2023-09-19 17:36:15
266,266,4349.68,WALLET,FAILED,ETP20251003-IFDAI9,2023-11-04 13:44:14
267,267,6188.68,NETBANKING,SUCCESS,ETP20251003-FLOARK,2025-04-03 08:54:58
268,268,2055.73,WALLET,FAILED,ETP20251003-NFD5Z7,2024-12-01 07:25:14
269,269,2101.84,WALLET,SUCCESS,ETP20251003-540ZCR,2025-03-31 13:20:23
270,270,1364.22,UPI,SUCCESS,ETP20251003-MIYUXD,2025-05-25 10:27:30
271,271,2033.43,UPI,SUCCESS,ETP20251003-LYVTPY,2025-06-17 18:32:36
272,272,4664.81,WALLET,SUCCESS,ETP20251003-SKO62Y,2025-06-30 08:45:01
273,273,2653.6,WALLET,SUCCESS,ETP20251003-3Z6Y89,2023-08-30 11:55:01
274,274,2307.65,WALLET,SUCCESS,ETP20251003-04UQOA,2024-05-16 10:19:38
275,275,6136.18,UPI,SUCCESS,ETP20251003-35CT0U,2023-02-14 13:03:14
276,276,1116.8,NETBANKING,FAILED,ETP20251003-2GROVA,2024-05-11 01:16:35
277,277,4373.4,UPI,SUCCESS,ETP20251003-3WK957,2025-02-28 12:19:40
278,278,1743.25,WALLET,PENDING,ETP20251003-3F10R3,2025-02-25 00:47:05
279,279,5007.07,CARD,SUCCESS,ETP20251003-GHPGQM,2023-02-20 16:11:09
280,280,3183.75,CARD,SUCCESS,ETP20251003-I5ONHJ,2025-04-30 23:32:34
281,281,2589.29,NETBANKING,FAILED,ETP20251003-5H7SP3,2023-08-24 06:31:23
282,282,4632.64,NETBANKING,FAILED,ETP20251003-W94B8N,2024-09-26 16:52:05
283,283,2265.45,CARD,FAILED,ETP20251003-D5FP94,2023-09-06 04:21:41
284,284,11898.73,WALLET,SUCCESS,ETP20251003-H01ZZ7,2024-04-02 12:09:25
285,285,3526.57,UPI,SUCCESS,ETP20251003-PY5PMA,2023-07-03 13:14:34
286,286,5886.09,NETBANKING,SUCCESS,ETP20251003-50IWDS,2024-02-15 00:21:40
287,287,9489.76,UPI,SUCCESS,ETP20251003-0794UV,2024-02-24 21:23:13
288,288,6134.0,NETBANKING,SUCCESS,ETP20251003-2K0LQ1,2023-11-24 16:16:43
289,289,2820.53,NETBANKING,SUCCESS,ETP20251003-7TPIAQ,2024-12-20 12:42:17
290,290,5966.71,CARD,FAILED,ETP20251003-C1PP1W,2024-06-18 20:22:13
291,291,7144.77,NETBANKING,SUCCESS,ETP20251003-2OXULB,2025-03-31 06:36:40
292,292,1845.73,UPI,PENDING,ETP20251003-JFRUQN,2025-05-18 11:02:31
293,293,5768.87,NETBANKING,PENDING,ETP20251003-EU0T6Z,2024-03-10 07:56:51
294,294,4783.66,CARD,FAILED,ETP20251003-O272M0,2023-10-05 19:53:54
295,295,3288.75,NETBANKING,SUCCESS,ETP20251003-O9R41O,2024-06-10 01:57:27
296,296,9407.2,UPI,SUCCESS,ETP20251003-XRWC0B,2024-09-22 02:44:41
297,297,4863.58,CARD,SUCCESS,ETP20251003-VC8I6I,2024-09-25 07:31:21
298,298,842.24,NETBANKING,SUCCESS,ETP20251003-F1PVEA,2023-04-12 21:28:32
299,299,1049.94,WALLET,SUCCESS,ETP20251003-Q3JKNB,2023-03-15 20:14:08
300,300,1014.45,WALLET,FAILED,ETP20251003-E112AH,2023-02-18 16:02:26
301,301,1560.34,CARD,SUCCESS,ETP20251003-IO0JFF,2023-07-19 09:40:09
302,302,7312.22,UPI,SUCCESS,ETP20251003-PE3OBA,2024-02-23 23:18:37
303,303,1287.79,NETBANKING,SUCCESS,ETP20251003-2A85TC,2024-01-23 16:35:38
304,304,4635.9,NETBANKING,PENDING,ETP20251003-YN6VKH,2025-01-27 08:40:21
305,305,1696.87,WALLET,FAILED,ETP20251003-1Y13QF,2024-07-19 20:11:15
306,306,8566.59,UPI,SUCCESS,ETP20251003-7VKRHB,2025-06-19 00:06:09
307,307,10290.29,WALLET,PENDING,ETP20251003-FY09BT,2024-02-24 17:07:59
308,308,958.24,WALLET,SUCCESS,ETP20251003-X29ILO,2025-07-14 01:32:37
309,309,1795.75,NETBANKING,FAILED,ETP20251003-L7N2IE,2024-04-24 00:38:16
310,310,409.92,CARD,FAILED,ETP20251003-4OV2DT,2025-07-10 09:18:21
311,311,6309.01,CARD,PENDING,ETP20251003-O8FWCG,2023-02-07 22:49:50
312,312,621.33,CARD,SUCCESS,ETP20251003-RKHTVW,2024-12-15 00:47:46
313,313,2390.98,CARD,SUCCESS,ETP20251003-IIRRPG,2023-03-04 09:35:07
314,314,4863.58,UPI,SUCCESS,ETP20251003-KLFHLC,2023-04-16 14:33:25
315,315,1595.48,NETBANKING,SUCCESS,ETP20251003-3AK2II,2023-06-24 16:32:00
316,316,1235.29,WALLET,FAILED,ETP20251003-GRT8E5,2024-03-02 12:26:09
317,317,6253.01,UPI,SUCCESS,ETP20251003-LD0LOY,2025-02-15 02:27:16
318,318,3861.56,NETBANKING,SUCCESS,ETP20251003-6ANCKU,2025-05-06 16:35:34
319,319,8505.84,UPI,FAILED,ETP20251003-E7B0LW,2023-01-17 11:43:04
320,320,6204.01,CARD,SUCCESS,ETP20251003-EZ8U8W,2025-06-25 01:18:14
321,321,8672.41,NETBANKING,FAILED,ETP20251003-MDKQTU,2024-04-03 23:07:15
322,322,4891.91,UPI,PENDING,ETP20251003-QB4438,2024-12-31 00:46:13
323,323,6188.68,CARD,SUCCESS,ETP20251003-2PYKOM,2024-05-07 01:54:46
324,324,6134.0,WALLET,FAILED,ETP20251003-19JCCO,2024-12-29 11:31:44
325,325,1807.6,UPI,FAILED,ETP20251003-CVDTOY,2024-11-12 02:04:28
326,326,2604.06,WALLET,PENDING,ETP20251003-A04QEW,2023-06-09 01:53:31
327,327,622.22,WALLET,FAILED,ETP20251003-KX2Q0F,2023-03-04 23:26:06
328,328,1877.65,WALLET,FAILED,ETP20251003-MM36AW,2023-02-28 20:57:39
329,329,7144.77,WALLET,SUCCESS,ETP20251003-P1EX89,2024-03-12 05:24:53
330,330,1236.1,UPI,PENDING,ETP20251003-2KHZLT,2024-08-31 04:22:22
331,331,2447.57,WALLET,SUCCESS,ETP20251003-CEKFCZ,2023-02-27 07:13:04
332,332,3966.56,NETBANKING,PENDING,ETP20251003-2VDI16,2024-07-17 14:02:50
333,333,1384.66,UPI,SUCCESS,ETP20251003-Z6HF64,2023-12-31 16:23:18
334,334,2017.6,WALLET,SUCCESS,ETP20251003-4BL48I,2024-07-14 04:57:21
335,335,1928.43,WALLET,PENDING,ETP20251003-YX3C59,2025-02-26 23:27:30
336,336,3105.93,WALLET,SUCCESS,ETP20251003-70ONJX,2024-01-13 10:00:16
337,337,3146.79,UPI,SUCCESS,ETP20251003-4MH2WG,2025-07-13 03:26:48
338,338,6515.51,UPI,SUCCESS,ETP20251003-GKXZHU,2023-01-14 16:54:39
339,339,2677.33,WALLET,FAILED,ETP20251003-HO9FE0,2025-03-13 00:43:38
340,340,1402.84,NETBANKING,FAILED,ETP20251003-RACRMF,2023-04-02 15:34:27
341,341,7312.22,CARD,SUCCESS,ETP20251003-WJN0VM,2024-05-24 07:10:41
342,342,8567.41,WALLET,SUCCESS,ETP20251003-E4PUHI,2024-04-08 10:45:41
343,343,6911.06,WALLET,SUCCESS,ETP20251003-P0EWJA,2025-04-16 22:32:32
344,344,5442.82,CARD,SUCCESS,ETP20251003-A1BS8H,2023-12-11 18:19:52
345,345,1086.77,WALLET,PENDING,ETP20251003-4W336U,2023-06-29 21:16:06
346,346,2390.98,WALLET,SUCCESS,ETP20251003-IXE3E1,2023-05-28 21:17:32
347,347,5582.64,WALLET,SUCCESS,ETP20251003-6P1QAY,2024-03-04 17:46:31
348,348,409.92,WALLET,SUCCESS,ETP20251003-MUF1XE,2023-05-18 09:05:22
349,349,2548.56,WALLET,FAILED,ETP20251003-AG2C1W,2023-07-27 02:00:14
350,350,2161.15,UPI,SUCCESS,ETP20251003-VO798I,2024-10-13 09:47:25
351,351,730.88,WALLET,SUCCESS,ETP20251003-6EDICR,2025-03-24 18:05:46
352,352,2608.54,NETBANKING,FAILED,ETP20251003-UBWTYG,2023-09-03 08:29:54
353,353,494.41,WALLET,SUCCESS,ETP20251003-35CZDK,2023-01-21 04:12:58
354,354,5651.71,NETBANKING,SUCCESS,ETP20251003-POHJ1A,2024-11-18 17:50:44
355,355,12324.86,CARD,SUCCESS,ETP20251003-9ZIZRF,2024-07-09 09:29:13
356,356,2524.21,CARD,FAILED,ETP20251003-NK50SL,2023-02-07 01:16:45
357,357,2233.6,CARD,PENDING,ETP20251003-UGB07A,2024-12-12 08:41:54
358,358,4943.92,NETBANKING,SUCCESS,ETP20251003-RINIXN,2023-07-17 09:34:25
359,359,5886.09,NETBANKING,SUCCESS,ETP20251003-QKE2TV,2023-08-27 12:23:49
360,360,8889.27,UPI,SUCCESS,ETP20251003-MXTP57,2023-08-09 06:04:49
361,361,5087.68,UPI,SUCCESS,ETP20251003-J753OT,2023-04-11 15:52:06
362,362,5518.59,CARD,SUCCESS,ETP20251003-YDUNEU,2024-10-01 07:50:09
363,363,7315.64,CARD,FAILED,ETP20251003-TR226S,2024-09-21 08:53:11
364,364,2709.06,UPI,SUCCESS,ETP20251003-Q87IFY,2024-06-30 12:54:21
365,365,9991.84,NETBANKING,PENDING,ETP20251003-XAK0E2,2023-01-13 06:27:57
366,366,9192.96,UPI,SUCCESS,ETP20251003-4OIXPO,2024-05-11 22:23:57
367,367,4927.31,WALLET,FAILED,ETP20251003-34232J,2024-01-26 11:04:06
368,368,3650.3,NETBANKING,SUCCESS,ETP20251003-BB97RL,2024-12-28 18:40:01
369,369,2465.95,UPI,FAILED,ETP20251003-Q3CRJ2,2023-01-10 20:45:14
370,370,4462.25,CARD,SUCCESS,ETP20251003-FRB0M4,2024-03-17 21:35:14
371,371,5344.84,CARD,PENDING,ETP20251003-VYVKCB,2024-05-19 08:39:17
372,372,6451.07,NETBANKING,SUCCESS,ETP20251003-CZHN6X,2024-09-01 00:59:00
373,373,9949.76,NETBANKING,SUCCESS,ETP20251003-J6NTAL,2024-12-17 05:49:42
374,374,6200.51,CARD,SUCCESS,ETP20251003-WOHUQO,2025-06-05 02:03:19
375,375,1793.23,WALLET,SUCCESS,ETP20251003-64FHRW,2024-04-28 19:15:58
376,376,3288.75,NETBANKING,FAILED,ETP20251003-EAQGAU,2023-11-09 18:27:02
377,377,1369.47,WALLET,SUCCESS,ETP20251003-D53DZY,2024-10-08 12:27:02
378,378,1251.77,CARD,FAILED,ETP20251003-HDGPPB,2023-01-28 20:59:23
379,379,4576.03,UPI,SUCCESS,ETP20251003-ZXECMZ,2024-04-07 08:50:31
380,380,2076.66,CARD,SUCCESS,ETP20251003-4ONEQ1,2025-02-19 12:29:52
381,381,6346.07,UPI,PENDING,ETP20251003-SAPGMN,2024-09-16 11:36:31
382,382,8243.34,WALLET,FAILED,ETP20251003-J1CY0I,2023-11-27 21:58:30
383,383,2542.41,NETBANKING,SUCCESS,ETP20251003-NTC3YX,2024-01-06 14:46:31
384,384,1178.27,NETBANKING,FAILED,ETP20251003-LG81M4,2023-06-06 01:48:34
385,385,2653.6,CARD,SUCCESS,ETP20251003-VGD8M7,2023-06-25 23:27:24
386,386,5248.92,NETBANKING,SUCCESS,ETP20251003-5XFISE,2025-01-01 00:27:32
387,387,622.14,CARD,PENDING,ETP20251003-M6V6BJ,2025-03-22 18:11:57
388,388,1169.28,UPI,SUCCESS,ETP20251003-7Y0SO3,2024-04-30 04:03:32
389,389,214.91,WALLET,SUCCESS,ETP20251003-YP8DHP,2025-04-22 06:19:53
390,390,755.24,NETBANKING,PENDING,ETP20251003-ECHJV7,2024-02-10 10:35:40
391,391,6691.35,UPI,SUCCESS,ETP20251003-J5KQXF,2025-02-19 16:19:08
392,392,5861.71,UPI,SUCCESS,ETP20251003-AWORQ4,2025-05-22 10:54:18
393,393,4583.4,WALLET,PENDING,ETP20251003-B5NLDH,2023-03-22 02:27:09
394,394,5153.42,CARD,SUCCESS,ETP20251003-X90QZ4,2023-10-06 21:02:49
395,395,6950.4,NETBANKING,FAILED,ETP20251003-KOOEFO,2024-08-19 03:44:01
396,396,3865.81,NETBANKING,SUCCESS,ETP20251003-Q3OAY6,2024-10-28 05:22:31
397,397,927.44,CARD,SUCCESS,ETP20251003-HPE6KZ,2023-12-09 17:08:12
398,398,9212.78,UPI,PENDING,ETP20251003-HRBBFY,2025-07-16 06:58:36
399,399,4944.41,UPI,PENDING,ETP20251003-DT1V9C,2024-10-17 12:20:42
400,400,4740.9,WALLET,FAILED,ETP20251003-4SQCYX,2024-01-28 01:45:19
